rna,"Angel of Grace"
rna,"Angelic Exaltation"
rna,"Archway Angel"
rna,"Arrester's Zeal"
rna,"Bring to Trial"
rna,"Civic Stalwart"
rna,"Condordia Pegasus"
rna,"Expose to Daylight"
rna,"Forbidding Spirit"
rna,"Haazda Officer"
rna,"Hero of Precinct One"
rna,"Impassioned Orator"
rna,"Justiciar's Portal"
rna,"Knight of Sorrows"
rna,"Lumbering Battlement"
rna,"Ministrant of Obligation"
rna,"Prowling Caracal"
rna,"Rally to Battle"
rna,"Resolute Watchdog"
rna,"Sentinel's Mark"
rna,"Sky Tether"
rna,"Smothering Tithe"
rna,"Spirit of the Spires"
rna,"Summary Judgement"
rna,"Syndicate Messenger"
rna,"Tenth District Veteran"
rna,"Tithe Taker"
rna,"Twilight Panther"
rna,"Unbreakable Formation"
rna,"Watchful Giant"
rna,"Arrester's Admonition"
rna,"Benthic Biomancer"
rna,"Chillbringer"
rna,"Clear the Mind"
rna,"Code of Constraint"
rna,"Coral Commando"
rna,"Essence Capture"
rna,"Eyes Everywhere"
rna,"Faerie Duelist"
rna,"Gateway Sneak"
rna,"Humongulus"
rna,"Mass Manipulation"
rna,"Mesmerizing Benthid"
rna,"Persistent Petitioners"
rna,"Precognitive Perception"
rna,"Prying Eyes"
rna,"Pteramander"
rna,"Quench"
rna,"Sage's Row Savant"
rna,"Senate Courier"
rna,"Shimmer of Possibility"
rna,"Skatewing Spy"
rna,"Skitter Eel"
rna,"Slimebind"
rna,"Sphinx of Foresight"
rna,"Swirling Torrent"
rna,"Thought Collapse"
rna,"Verity Circle"
rna,"Wall of Lost Thoughts"
rna,"Windstorm Drake"
rna,"Awaken the Erstwhile"
rna,"Bankrupt in Blood"
rna,"Blade Juggler"
rna,"Bladebrand"
rna,"Bloodmist Infiltrator"
rna,"Carrion Imp"
rna,"Catacomb Crocodile"
rna,"Clear the Stage"
rna,"Consign to the Pit"
rna,"Cry of the Carnarium"
rna,"Dead Revels"
rna,"Debtor's Transport"
rna,"Drill Bits"
rna,"Font of the Agonies"
rna,"Grotesque Demise"
rna,"Gutterbones"
rna,"Ill-Gotten Inheritance"
rna,"Noxious Groodion"
rna,"Orzhov Enforcer"
rna,"Orzhov Raketeers"
rna,"Pestilent Spirit"
rna,"Plague Wight"
rna,"Priest of Forgotten Gods"
rna,"Rakdos Trumpeter"
rna,"Spawn of Mayhem"
rna,"Spire Mangler"
rna,"Thirsting Shade"
rna,"Undercity Scavenger"
rna,"Undersity's Embrace"
rna,"Vindictive Vampire"
rna,"The Haunt of Hightower"
rna,"Act of Treason"
rna,"Amplifire"
rna,"Burn Bright"
rna,"Burning-Tree Vandal"
rna,"Cavalcade of Calamity"
rna,"Clamor Shaman"
rna,"Dagger Caster"
rna,"Deface"
rna,"Electrodominance"
rna,"Feral Maaka"
rna,"Flames of the Raze-Boar"
rna,"Gates Ablaze"
rna,"Ghor-Clan Wrecker"
rna,"Goblin Gathering"
rna,"Gravel-Hide Goblin"
rna,"Immolation Shaman"
rna,"Light Up the State"
rna,"Mirror March"
rna,"Rix Maadi Reveler"
rna,"Rubble Reading"
rna,"Rubblebelt Recluse"
rna,"Rumbling Ruin"
rna,"Scorchmark"
rna,"Skarrgan Hellkite"
rna,"Skewer the Critics"
rna,"Smelt-Ward Ignus"
rna,"Spear Spewer"
rna,"Spikewheel Acrobat"
rna,"Storm Strike"
rna,"Tin Street Dodger"
rna,"Axebane Beast"
rna,"Biogenic Ooze"
rna,"Biogenic Upgrade"
rna,"End-Raze Forerunners"
rna,"Enraged Ceratok"
rna,"Gatebreaker Ram"
rna,"Gift of Strength"
rna,"Growth-Chamber Guardian"
rna,"Gruul Beastmaster"
rna,"Guardian Project"
rna,"Incubation Druid"
rna,"Mammoth Spider"
rna,"Open the Gates"
rna,"Rampage of the Clans"
rna,"Rampaging Rendhorn"
rna,"Regenesis"
rna,"Root Snare"
rna,"Sagittars' Volley"
rna,"Saruli Caretaker"
rna,"Sauroform Hybrid"
rna,"Silhana Wayfinder"
rna,"Steeple Creeper"
rna,"Stony Strength"
rna,"Sylvan Brushstrider"
rna,"Territorial Boar"
rna,"Titanic Brawl"
rna,"Tower Defense"
rna,"Trollbred Guardian"
rna,"Wilderness Reclamation"
rna,"Wrecking Beast"
rna,"Absorb"
rna,"Aeromunculus"
rna,"Applied Biomancy"
rna,"Azorius Knight-Arbiter"
rna,"Azorius Skyguard"
rna,"Basilica Bell-Haunt"
rna,"Bedevil"
rna,"Biomancer's Familiar"
rna,"Bolrac-Clan Crusher"
rna,"Captive Audience"
rna,"Cindervines"
rna,"Clan Guildmage"
rna,"Combine Guildmage"
rna,"Cult Guildmage"
rna,"Deputy of Detention"
rna,"Domri, Chaos Bringer"
rna,"Dovin, Grand Arbiter"
rna,"Dovin's Acuity"
rna,"Emergency Powers"
rna,"Ethereal Absolution"
rna,"Final Payment"
rna,"Fireblade Artist"
rna,"Frenzied Arynx"
rna,"Frilled Mystic"
rna,"Galloping Lizrog"
rna,"Get the Point"
rna,"Grasping Thrull"
rna,"Growth Spiral"
rna,"Gruul Spellbreaker"
rna,"Gyre Engineer"
rna,"Hackrobat"
rna,"High Alert"
rna,"Hydroid Krasis"
rna,"Imperious Oligarch"
rna,"Judith, the Scourge Diva"
rna,"Kaya, Orzhov Usurper"
rna,"Kaya's Wrath"
rna,"Knight of the Last Breath"
rna,"Lavinia, Azorius Renegade"
rna,"Lawmage's Binding"
rna,"Macabre Mockery"
rna,"Mortify"
rna,"Nikya of the Old Ways"
rna,"Pitiless Pontiff"
rna,"Prime Speaker Vannifar"
rna,"Rafter Demon"
rna,"Rakdos Firewheeler"
rna,"Rakdos Roustabout"
rna,"Rakdos, the Showstopper"
rna,"Ravager Wurm"
rna,"Rhythm of the Wild"
rna,"Rubblebelt Runner"
rna,"Savage Smash"
rna,"Senate Guildmage"
rna,"Seraph of the Scales"
rna,"Sharktocrab"
rna,"Simic Ascendancy"
rna,"Sphinx of New Prahv"
rna,"Sphinx's Insight"
rna,"Sunder Shaman"
rna,"Syndicate Guildmage"
rna,"Teysa Karlov"
rna,"Theater of Horrors"
rna,"Zegana, Utopian Speaker"
rna,"Zhur-Taa Goblin"
rna,"Footlight Fiend"
rna,"Rubble Slinger"
rna,"Scuttlegator"
rna,"Senate Griffin"
rna,"Vizkopa Vampire"
rna,"Bedeck // Bedazzle"
rna,"Carnival // Carnage"
rna,"Collision // Colossus"
rna,"Consecrate // Consume"
rna,"Depose // Deploy"
rna,"Incubation // Incongruity"
rna,"Repudiate // Replicate"
rna,"Revival // Revenge"
rna,"Thrash // Threat"
rna,"Warrant // Warden"
rna,"Azorius Locket"
rna,"Gate Colossus"
rna,"Glass of the Guildpact"
rna,"Gruul Locket"
rna,"Junktroller"
rna,"Orzhov Locket"
rna,"Rakdos Locket"
rna,"Scrabbling Claws"
rna,"Screaming Shield"
rna,"Simic Locket"
rna,"Sphinx of the Guildpact"
rna,"Tome of the Guildpact"
rna,"Azorius Guildgate"
rna,"Blood Crypt"
rna,"Breeding Pool"
rna,"Gateway Plaza"
rna,"Godless Shrine"
rna,"Gruul Guildgate"
rna,"Hallowed Fountain"
rna,"Orzhov Guildgate"
rna,"Plaza of Harmony"
rna,"Rakdos Guildgate"
rna,"Simic Guildgate"
rna,"Stomping Ground"